{
  "$schema": "http://adaptivecards.io/schemas/adaptive-card.json",
  "type": "AdaptiveCard",
  "version": "1.0",
  "body": [
    {
      "type": "Image",
      "url": "https://encrypted-tbn0.gstatic.com/images?q=tbn:ANd9GcQtB3AwMUeNoq4gUBGe6Ocj8kyh3bXa9ZbV7u1fVKQoyKFHdkqU",
      "size": "stretch"
    },
    {
      "type": "TextBlock",
      "spacing": "medium",
      "size": "default",
      "weight": "bolder",
      "text": "Benvenuto, sono HearForYouBot!",
      "wrap": true,
      "maxLines": 0
    },
    {
      "type": "TextBlock",
      "size": "default",
      "isSubtle": true,
      "text": "Sono a tua completa disposizione! Con questo bot potrai svolgere diverse funzionalità, tra cui quelle di SpeechToText per poter tradurre un file audio in testo e viceversa, di Translate per poter tradurre il testo in un'altra lingua, di ComputerVision per poter estrarre del testo da un'immagine a tua scelta",
      "wrap": true,
      "maxLines": 0
    }
  ]
}