{
  "luis_schema_version": "7.0.0",
  "intents": [
    {
      "name": "AudioTesto",
      "features": []
    },
    {
      "name": "LinguaFrancese",
      "features": []
    },
    {
      "name": "LinguaInglese",
      "features": []
    },
    {
      "name": "LinguaItaliana",
      "features": []
    },
    {
      "name": "LinguaTedesca",
      "features": []
    },
    {
      "name": "None",
      "features": []
    },
    {
      "name": "TestoAudio",
      "features": []
    },
    {
      "name": "TestoDaImmagine",
      "features": []
    },
    {
      "name": "Traduzione",
      "features": []
    },
    {
      "name": "Utilities.Cancel",
      "inherits": {
        "domain_name": "Utilities",
        "model_name": "Cancel"
      },
      "features": []
    },
    {
      "name": "Utilities.Help",
      "inherits": {
        "domain_name": "Utilities",
        "model_name": "Help"
      },
      "features": []
    },
    {
      "name": "Utilities.Repeat",
      "inherits": {
        "domain_name": "Utilities",
        "model_name": "Repeat"
      },
      "features": []
    },
    {
      "name": "Utilities.ShowNext",
      "inherits": {
        "domain_name": "Utilities",
        "model_name": "ShowNext"
      },
      "features": []
    },
    {
      "name": "Utilities.ShowPrevious",
      "inherits": {
        "domain_name": "Utilities",
        "model_name": "ShowPrevious"
      },
      "features": []
    },
    {
      "name": "Utilities.StartOver",
      "inherits": {
        "domain_name": "Utilities",
        "model_name": "StartOver"
      },
      "features": []
    },
    {
      "name": "Utilities.Stop",
      "inherits": {
        "domain_name": "Utilities",
        "model_name": "Stop"
      },
      "features": []
    }
  ],
  "entities": [],
  "hierarchicals": [],
  "composites": [],
  "closedLists": [],
  "prebuiltEntities": [],
  "utterances": [
    {
      "text": "aiutami per favore",
      "intent": "Utilities.Help",
      "entities": []
    },
    {
      "text": "aiuto",
      "intent": "Utilities.Help",
      "entities": []
    },
    {
      "text": "amore fa' silenzio",
      "intent": "Utilities.Stop",
      "entities": []
    },
    {
      "text": "annulla",
      "intent": "Utilities.Cancel",
      "entities": []
    },
    {
      "text": "annulla annulla",
      "intent": "Utilities.Cancel",
      "entities": []
    },
    {
      "text": "annulla app",
      "intent": "Utilities.Cancel",
      "entities": []
    },
    {
      "text": "annulla e basta",
      "intent": "Utilities.Cancel",
      "entities": []
    },
    {
      "text": "annulla non importa",
      "intent": "Utilities.Cancel",
      "entities": []
    },
    {
      "text": "annullalo",
      "intent": "Utilities.Cancel",
      "entities": []
    },
    {
      "text": "annullalo e basta",
      "intent": "Utilities.Cancel",
      "entities": []
    },
    {
      "text": "annullato",
      "intent": "Utilities.Cancel",
      "entities": []
    },
    {
      "text": "apri la guida d'aiuto",
      "intent": "Utilities.Help",
      "entities": []
    },
    {
      "text": "audio in testo",
      "intent": "AudioTesto",
      "entities": []
    },
    {
      "text": "audio to testo",
      "intent": "AudioTesto",
      "entities": []
    },
    {
      "text": "azzera e ricomincia",
      "intent": "Utilities.StartOver",
      "entities": []
    },
    {
      "text": "basta parlare",
      "intent": "Utilities.Stop",
      "entities": []
    },
    {
      "text": "basta per favore",
      "intent": "Utilities.Stop",
      "entities": []
    },
    {
      "text": "che cosa c'è dopo",
      "intent": "Utilities.ShowNext",
      "entities": []
    },
    {
      "text": "che cosa c'è prima",
      "intent": "Utilities.ShowPrevious",
      "entities": []
    },
    {
      "text": "che cosa hai detto",
      "intent": "Utilities.Repeat",
      "entities": []
    },
    {
      "text": "che mi dici di quello dopo",
      "intent": "Utilities.ShowNext",
      "entities": []
    },
    {
      "text": "chi mi può aiutare",
      "intent": "Utilities.Help",
      "entities": []
    },
    {
      "text": "chiudi il becco",
      "intent": "Utilities.Stop",
      "entities": []
    },
    {
      "text": "come farlo",
      "intent": "Utilities.Help",
      "entities": []
    },
    {
      "text": "come posso otternerlo",
      "intent": "Utilities.Help",
      "entities": []
    },
    {
      "text": "conversione audio testo",
      "intent": "AudioTesto",
      "entities": []
    },
    {
      "text": "convertimi il testo in audio",
      "intent": "TestoAudio",
      "entities": []
    },
    {
      "text": "convertimi un audio in un testo",
      "intent": "AudioTesto",
      "entities": []
    },
    {
      "text": "convertimi una registrazione in un testo",
      "intent": "AudioTesto",
      "entities": []
    },
    {
      "text": "convertire audio in testo",
      "intent": "AudioTesto",
      "entities": []
    },
    {
      "text": "cos'è che hai detto",
      "intent": "Utilities.Repeat",
      "entities": []
    },
    {
      "text": "cosa",
      "intent": "Utilities.Repeat",
      "entities": []
    },
    {
      "text": "cosa c'è di più",
      "intent": "Utilities.ShowNext",
      "entities": []
    },
    {
      "text": "cosa c'è dopo",
      "intent": "Utilities.ShowNext",
      "entities": []
    },
    {
      "text": "cosa viene dopo",
      "intent": "Utilities.ShowNext",
      "entities": []
    },
    {
      "text": "cosa viene prima",
      "intent": "Utilities.ShowPrevious",
      "entities": []
    },
    {
      "text": "da nessuna parte fai silenzio",
      "intent": "Utilities.Stop",
      "entities": []
    },
    {
      "text": "dai smettila",
      "intent": "Utilities.Stop",
      "entities": []
    },
    {
      "text": "dammi una mano",
      "intent": "Utilities.Help",
      "entities": []
    },
    {
      "text": "di nuovo",
      "intent": "Utilities.Repeat",
      "entities": []
    },
    {
      "text": "di più",
      "intent": "Utilities.ShowNext",
      "entities": []
    },
    {
      "text": "dimenticatelo",
      "intent": "Utilities.Cancel",
      "entities": []
    },
    {
      "text": "dimmi di più",
      "intent": "Utilities.ShowNext",
      "entities": []
    },
    {
      "text": "dio, sta' zitto",
      "intent": "Utilities.Stop",
      "entities": []
    },
    {
      "text": "dopodiché",
      "intent": "Utilities.ShowNext",
      "entities": []
    },
    {
      "text": "effettua traduzione in inglese",
      "intent": "LinguaInglese",
      "entities": []
    },
    {
      "text": "effettua una traduzione in francese",
      "intent": "LinguaFrancese",
      "entities": []
    },
    {
      "text": "ehi basta",
      "intent": "Utilities.Stop",
      "entities": []
    },
    {
      "text": "esci",
      "intent": "Utilities.Cancel",
      "entities": []
    },
    {
      "text": "fa' silenzio",
      "intent": "Utilities.Stop",
      "entities": []
    },
    {
      "text": "fa' silenzio ora",
      "intent": "Utilities.Stop",
      "entities": []
    },
    {
      "text": "fai la traduzione",
      "intent": "Traduzione",
      "entities": []
    },
    {
      "text": "francese",
      "intent": "LinguaFrancese",
      "entities": []
    },
    {
      "text": "francia",
      "intent": "LinguaFrancese",
      "entities": []
    },
    {
      "text": "ho bisogno di aiuto",
      "intent": "Utilities.Help",
      "entities": []
    },
    {
      "text": "ho bisogno di andare a quella successivo",
      "intent": "Utilities.ShowNext",
      "entities": []
    },
    {
      "text": "ho bisogno di assistenza",
      "intent": "Utilities.Help",
      "entities": []
    },
    {
      "text": "ho detto basta",
      "intent": "Utilities.Stop",
      "entities": []
    },
    {
      "text": "ignora",
      "intent": "Utilities.Stop",
      "entities": []
    },
    {
      "text": "immagine",
      "intent": "TestoDaImmagine",
      "entities": []
    },
    {
      "text": "inglese",
      "intent": "LinguaInglese",
      "entities": []
    },
    {
      "text": "interrompi",
      "intent": "Utilities.Stop",
      "entities": []
    },
    {
      "text": "interrompilo",
      "intent": "Utilities.Stop",
      "entities": []
    },
    {
      "text": "italia",
      "intent": "LinguaItaliana",
      "entities": []
    },
    {
      "text": "italiana",
      "intent": "LinguaItaliana",
      "entities": []
    },
    {
      "text": "italiano",
      "intent": "LinguaItaliana",
      "entities": []
    },
    {
      "text": "la precedente",
      "intent": "Utilities.ShowPrevious",
      "entities": []
    },
    {
      "text": "la precedente per favore",
      "intent": "Utilities.ShowPrevious",
      "entities": []
    },
    {
      "text": "li voglio tutti",
      "intent": "None",
      "entities": []
    },
    {
      "text": "lingua italiana",
      "intent": "LinguaItaliana",
      "entities": []
    },
    {
      "text": "mi piacerebbe che smettessi di parlare",
      "intent": "Utilities.Stop",
      "entities": []
    },
    {
      "text": "mio dio sta' zitto",
      "intent": "Utilities.Stop",
      "entities": []
    },
    {
      "text": "mostra di più",
      "intent": "Utilities.ShowNext",
      "entities": []
    },
    {
      "text": "mostra i 4 elementi successivi",
      "intent": "Utilities.ShowNext",
      "entities": []
    },
    {
      "text": "mostra i prossimi 3",
      "intent": "Utilities.ShowNext",
      "entities": []
    },
    {
      "text": "mostra il precedente",
      "intent": "Utilities.ShowPrevious",
      "entities": []
    },
    {
      "text": "mostra il successivo",
      "intent": "Utilities.ShowNext",
      "entities": []
    },
    {
      "text": "mostra le due opzioni successive",
      "intent": "Utilities.ShowNext",
      "entities": []
    },
    {
      "text": "mostra precedente",
      "intent": "Utilities.ShowPrevious",
      "entities": []
    },
    {
      "text": "mostra quello precedente",
      "intent": "Utilities.ShowPrevious",
      "entities": []
    },
    {
      "text": "mostrami di più",
      "intent": "Utilities.ShowNext",
      "entities": []
    },
    {
      "text": "mostrami il precedente",
      "intent": "Utilities.ShowPrevious",
      "entities": []
    },
    {
      "text": "mostrami il successivo",
      "intent": "Utilities.ShowNext",
      "entities": []
    },
    {
      "text": "niente grazie",
      "intent": "Utilities.Cancel",
      "entities": []
    },
    {
      "text": "niente non importa",
      "intent": "Utilities.Cancel",
      "entities": []
    },
    {
      "text": "no annulla",
      "intent": "Utilities.Cancel",
      "entities": []
    },
    {
      "text": "no annulla annulla",
      "intent": "Utilities.Cancel",
      "entities": []
    },
    {
      "text": "no annullalo",
      "intent": "Utilities.Cancel",
      "entities": []
    },
    {
      "text": "no basta",
      "intent": "Utilities.Stop",
      "entities": []
    },
    {
      "text": "no fa' silenzio",
      "intent": "Utilities.Stop",
      "entities": []
    },
    {
      "text": "no fa' silenzio ora",
      "intent": "Utilities.Stop",
      "entities": []
    },
    {
      "text": "no no annulla",
      "intent": "Utilities.Cancel",
      "entities": []
    },
    {
      "text": "no no annullalo",
      "intent": "Utilities.Cancel",
      "entities": []
    },
    {
      "text": "no no no no smettila di parlare",
      "intent": "Utilities.Stop",
      "entities": []
    },
    {
      "text": "no non importa",
      "intent": "Utilities.Cancel",
      "entities": []
    },
    {
      "text": "no sta' zitto",
      "intent": "Utilities.Stop",
      "entities": []
    },
    {
      "text": "non fare niente",
      "intent": "Utilities.Cancel",
      "entities": []
    },
    {
      "text": "non fare nulla per favore",
      "intent": "Utilities.Cancel",
      "entities": []
    },
    {
      "text": "non farlo",
      "intent": "Utilities.Cancel",
      "entities": []
    },
    {
      "text": "non farlo più",
      "intent": "Utilities.Cancel",
      "entities": []
    },
    {
      "text": "non ho sentito",
      "intent": "Utilities.Repeat",
      "entities": []
    },
    {
      "text": "non ho sentito ripetilo di nuovo",
      "intent": "Utilities.Repeat",
      "entities": []
    },
    {
      "text": "non importa",
      "intent": "Utilities.Cancel",
      "entities": []
    },
    {
      "text": "non importa a nessuno smettila di parlare",
      "intent": "Utilities.Stop",
      "entities": []
    },
    {
      "text": "non importa annulla",
      "intent": "Utilities.Cancel",
      "entities": []
    },
    {
      "text": "non importa annullalo",
      "intent": "Utilities.Cancel",
      "entities": []
    },
    {
      "text": "non importa stop",
      "intent": "Utilities.Stop",
      "entities": []
    },
    {
      "text": "oh annulla",
      "intent": "Utilities.Cancel",
      "entities": []
    },
    {
      "text": "oh mio dio sta' zitto",
      "intent": "Utilities.Stop",
      "entities": []
    },
    {
      "text": "oh non farlo",
      "intent": "Utilities.Cancel",
      "entities": []
    },
    {
      "text": "ok basta basta",
      "intent": "Utilities.Stop",
      "entities": []
    },
    {
      "text": "passa a quello successivo",
      "intent": "Utilities.ShowNext",
      "entities": []
    },
    {
      "text": "potresti dirlo di nuovo",
      "intent": "Utilities.Repeat",
      "entities": []
    },
    {
      "text": "potresti ricominciare da capo",
      "intent": "Utilities.StartOver",
      "entities": []
    },
    {
      "text": "prossimo",
      "intent": "Utilities.ShowNext",
      "entities": []
    },
    {
      "text": "puoi aiutarmi",
      "intent": "Utilities.Help",
      "entities": []
    },
    {
      "text": "puoi essere d'aiuto",
      "intent": "Utilities.Help",
      "entities": []
    },
    {
      "text": "qual è il precedente",
      "intent": "Utilities.ShowPrevious",
      "entities": []
    },
    {
      "text": "qualche aiuto",
      "intent": "Utilities.Help",
      "entities": []
    },
    {
      "text": "quali sono i prossimi 2",
      "intent": "Utilities.ShowNext",
      "entities": []
    },
    {
      "text": "registrazione a testo",
      "intent": "AudioTesto",
      "entities": []
    },
    {
      "text": "registrazione to testo",
      "intent": "AudioTesto",
      "entities": []
    },
    {
      "text": "riavvia",
      "intent": "Utilities.StartOver",
      "entities": []
    },
    {
      "text": "riavvialo",
      "intent": "Utilities.StartOver",
      "entities": []
    },
    {
      "text": "ricomincia",
      "intent": "Utilities.StartOver",
      "entities": []
    },
    {
      "text": "ricomincia da capo",
      "intent": "Utilities.StartOver",
      "entities": []
    },
    {
      "text": "ricomincia per favore",
      "intent": "Utilities.StartOver",
      "entities": []
    },
    {
      "text": "ripeti",
      "intent": "Utilities.Repeat",
      "entities": []
    },
    {
      "text": "ripeti per favore",
      "intent": "Utilities.Repeat",
      "entities": []
    },
    {
      "text": "ripetilo",
      "intent": "Utilities.Repeat",
      "entities": []
    },
    {
      "text": "ripetilo per favore",
      "intent": "Utilities.Repeat",
      "entities": []
    },
    {
      "text": "ritorna a quello precedente",
      "intent": "Utilities.ShowPrevious",
      "entities": []
    },
    {
      "text": "rivela di più",
      "intent": "Utilities.ShowNext",
      "entities": []
    },
    {
      "text": "rivela il precedente",
      "intent": "Utilities.ShowPrevious",
      "entities": []
    },
    {
      "text": "scusa",
      "intent": "Utilities.Repeat",
      "entities": []
    },
    {
      "text": "scusa, non farlo",
      "intent": "Utilities.Cancel",
      "entities": []
    },
    {
      "text": "silenzio",
      "intent": "Utilities.Stop",
      "entities": []
    },
    {
      "text": "silenzio ora",
      "intent": "Utilities.Stop",
      "entities": []
    },
    {
      "text": "spegni",
      "intent": "Utilities.Stop",
      "entities": []
    },
    {
      "text": "spegni stop",
      "intent": "Utilities.Stop",
      "entities": []
    },
    {
      "text": "taci",
      "intent": "Utilities.Stop",
      "entities": []
    },
    {
      "text": "taci fa' silenzio",
      "intent": "Utilities.Stop",
      "entities": []
    },
    {
      "text": "taci silenzio",
      "intent": "Utilities.Stop",
      "entities": []
    },
    {
      "text": "tedesco",
      "intent": "LinguaTedesca",
      "entities": []
    },
    {
      "text": "testo da immagine",
      "intent": "TestoDaImmagine",
      "entities": []
    },
    {
      "text": "testo in audio",
      "intent": "TestoAudio",
      "entities": []
    },
    {
      "text": "testo in inglese",
      "intent": "Traduzione",
      "entities": []
    },
    {
      "text": "testo to audio",
      "intent": "TestoAudio",
      "entities": []
    },
    {
      "text": "text to audio",
      "intent": "TestoAudio",
      "entities": []
    },
    {
      "text": "torna all'ultima",
      "intent": "Utilities.ShowPrevious",
      "entities": []
    },
    {
      "text": "torna indietro al precedente",
      "intent": "Utilities.ShowPrevious",
      "entities": []
    },
    {
      "text": "torna indietro all'ultima",
      "intent": "Utilities.ShowPrevious",
      "entities": []
    },
    {
      "text": "traduci",
      "intent": "Traduzione",
      "entities": []
    },
    {
      "text": "traduci in francese",
      "intent": "LinguaFrancese",
      "entities": []
    },
    {
      "text": "traduci in inglese",
      "intent": "LinguaInglese",
      "entities": []
    },
    {
      "text": "traduci in italiano",
      "intent": "LinguaItaliana",
      "entities": []
    },
    {
      "text": "traduci in tedesco",
      "intent": "LinguaTedesca",
      "entities": []
    },
    {
      "text": "traducimi",
      "intent": "Traduzione",
      "entities": []
    },
    {
      "text": "traducimi in francese",
      "intent": "LinguaFrancese",
      "entities": []
    },
    {
      "text": "traducimi in inglese",
      "intent": "LinguaInglese",
      "entities": []
    },
    {
      "text": "traducimi in italiano",
      "intent": "LinguaItaliana",
      "entities": []
    },
    {
      "text": "traducimi in tedesco",
      "intent": "LinguaTedesca",
      "entities": []
    },
    {
      "text": "tradurre",
      "intent": "Traduzione",
      "entities": []
    },
    {
      "text": "traduzione",
      "intent": "Traduzione",
      "entities": []
    },
    {
      "text": "traduzione in inglese",
      "intent": "LinguaInglese",
      "entities": []
    },
    {
      "text": "traduzione in tedesco",
      "intent": "LinguaTedesca",
      "entities": []
    },
    {
      "text": "traduzione testo",
      "intent": "Traduzione",
      "entities": []
    },
    {
      "text": "traduzione testo in inglese",
      "intent": "Traduzione",
      "entities": []
    },
    {
      "text": "tutti",
      "intent": "None",
      "entities": []
    },
    {
      "text": "uscire stop",
      "intent": "Utilities.Stop",
      "entities": []
    },
    {
      "text": "uscire uscire",
      "intent": "Utilities.Stop",
      "entities": []
    },
    {
      "text": "vai a quella precedente",
      "intent": "Utilities.ShowPrevious",
      "entities": []
    },
    {
      "text": "vai ai tre oggetti successivi",
      "intent": "Utilities.ShowNext",
      "entities": []
    },
    {
      "text": "vai al precedente",
      "intent": "Utilities.ShowPrevious",
      "entities": []
    },
    {
      "text": "vai al successivo",
      "intent": "Utilities.ShowNext",
      "entities": []
    },
    {
      "text": "vai avanti",
      "intent": "Utilities.ShowNext",
      "entities": []
    },
    {
      "text": "vai via",
      "intent": "Utilities.Cancel",
      "entities": []
    },
    {
      "text": "voglio di più",
      "intent": "Utilities.ShowNext",
      "entities": []
    },
    {
      "text": "voglio dire smetti di ascoltare",
      "intent": "Utilities.Stop",
      "entities": []
    },
    {
      "text": "volta pagina",
      "intent": "Utilities.StartOver",
      "entities": []
    },
    {
      "text": "vorrei convertire un file audio in testo",
      "intent": "AudioTesto",
      "entities": []
    },
    {
      "text": "vorrei convertire un file testuale in audio",
      "intent": "TestoAudio",
      "entities": []
    },
    {
      "text": "vorrei effettuare una traduzione in tedesco",
      "intent": "LinguaTedesca",
      "entities": []
    },
    {
      "text": "vorrei ricavare il testo da un'immagine",
      "intent": "TestoDaImmagine",
      "entities": []
    },
    {
      "text": "vorrei tradurre",
      "intent": "Traduzione",
      "entities": []
    },
    {
      "text": "vorrei tradurre in francese",
      "intent": "LinguaFrancese",
      "entities": []
    },
    {
      "text": "vorrei tradurre in inglese",
      "intent": "LinguaInglese",
      "entities": []
    },
    {
      "text": "vorrei tradurre in lingua italiana",
      "intent": "LinguaItaliana",
      "entities": []
    },
    {
      "text": "vorrei tradurre un testo in un'altra lingua",
      "intent": "Traduzione",
      "entities": []
    }
  ],
  "versionId": "0.1",
  "name": "HearForYouLuis",
  "desc": "For HearForYou Bot ",
  "culture": "it-it",
  "tokenizerVersion": "1.0.0",
  "patternAnyEntities": [],
  "regex_entities": [],
  "phraselists": [],
  "regex_features": [],
  "patterns": [],
  "settings": []
}